hai,hello,hey,hi,hola,,,,,,
hai,hello,hey,hi,hola,,,,,,
am chesthunnav,am dng,em chesthunnav,em dng ,m chesthunnav,m dng,nu m dng,ssup,sup,wat up,what up
kaali. u?,kali. u?,nm. u?,nothing much . u?,time passing. u?,tp. u?,,,,,
kaali u,kali u,nm u,nothing much u,time passing u,tp u,,,,,
nm,nothing much,tp,time pass,kali,kaali,,,,,
kaali,kali,nm,nothing much,time passing,tp,,,,,
oh,,,,,,,,,,
ate,tinnava,tnva,,,,,,,,
just now. u?,no. u?,yeah. u?,yep. u?,yes. u? ,nope. u?,,,,,
just now u?,no u,yeah u,yep u,yes u,nope u,,,,,
yeah,yes,yep,ha,just now,no,nope,,,,
just now,tinna ippude,,,,,,,,,
gd,good,,,,,,,,,
gd ,good,,,,,,,,,
ty,thank you,thank u,,,,,,,,
ty,thank you,thank u,,,,,,,,
ua wlcm,ur wlcm,your welcome,,,,,,,,
no,nope,,,,,,,,,
y?,why?,why so?,y so?,,,,,,,
y,why,why so,y so,,,,,,,
mo,tinal anipiyatle,not hungry,tinta,tinal ippud,,,,,,
mo,tinal anipiyatle,not hungry,,,,,,,,
nice,nyc,,,,,,,,,
tinta,tinal ippud,,,,,,,,,
tinu,tinu ippud,,,,,,,,,
tinu,tinu ippud,,,,,,,,,
okay! tinta,yeah! tinta,,,,,,,,,
okay! tinta,yeah! tinta,,,,,,,,,
good good,gd gd,,,,,,,,,
gd mrng,gm,good morning,mrng,,,,,,,
gd mrng,gm,good morning,mrng,,,,,,,
oh,,,,,,,,,,
ha,,,,,,,,,,
ha,,,,,,,,,,
ok,okay,,,,,,,,,
ok,okay,yeah,yep,ua wlcm,ur wlcm,your welcome,,,,
nka,,,,,,,,,,
inka,nka,,,,,,,,,
cheppali,cheppu,chp,chpli,chpl,,,,,,
cheppali,cheppu,chp,chpli,chpl,,,,,,
m cheppal,m chpl,nu chep,nu chp,nu cheppu,nu chepu,,,,,
m cheppal,m chpl,,,,,,,,,
ua wish,ur wish,your wish,ni istam,,,,,,,
nu chep,nu chp,nu cheppu,nu chepu,nu chpu,,,,,,
m cheppal,m cpl,,,,,,,,,
ni istam,ua wish,ur wish,your wish,ua vish,,,,,,
Do you know? Earth is not flat,The quick brown fox jumped over the lazy dog.,lemme think,let me think,,,,,,,
Do you know? Earth is not flat,The quick brown fox jumped over the lazy dog.,,,,,,,,,
really?,wow! really?,,,,,,,,,
really,wow really,,,,,,,,,
yeah!,yep!,yes!,,,,,,,,
lemme think,let me think,,,,,,,,,
think think,,,,,,,,,,
think think ,,,,,,,,,,
m gurthuravatle,,,,,,,,,,
m gurthuravatle,,,,,,,,,,
gurthutechuko,,,,,,,,,,
gurthutechuko,,,,,,,,,,
Do you know? Earth is not flat,The quick brown fox jumped over the lazy dog.,,,,,,,,,
nice,nyc,,,,,,,,,
what nice,ysys!,I know,not nice,,,,,,,
what nice,,,,,,,,,,
everything is nice,,,,,,,,,,
everything is nice,,,,,,,,,,
nice,,,,,,,,,,
not nice,not nyc,,,,,,,,,
no!no!nice only,nice only,,,,,,,,,
i know,,,,,,,,,,
oh,,,,,,,,,,